subreddit,num_submissions,num_words,num_comments,early_post,mid_post,late_post
Bitcoin,992,12642452,399073,3/28/2013 5:04,12/13/2017 8:02,11/9/2018 14:28
Bitcoinbeginners,998,846101,18998,4/2/2013 16:46,12/3/2017 1:58,11/11/2018 14:38
Bitcoincash,998,626259,19900,8/2/2017 9:36,1/21/2018 15:39,11/10/2018 21:04
Bitcoindiscussion,599,678678,7005,3/29/2017 15:59,12/28/2017 12:26,11/10/2018 4:14
Bitcoinmarkets,998,7978150,246780,10/2/2013 15:46,10/25/2017 2:59,11/10/2018 18:16
Bitcoinmining,1000,489052,13529,6/17/2011 6:53,8/20/2015 21:12,11/10/2018 19:47
Bitcointechnology,745,51955,940,2/2/2015 13:43,9/27/2017 18:18,11/5/2018 18:56
Bitcointrading,314,8089,163,7/23/2013 13:31,7/4/2018 23:07,11/11/2018 1:47
Btc,1000,7393746,188083,11/7/2015 3:57,12/11/2017 2:22,11/10/2018 16:43
Cryptocurrency,929,9101550,299975,6/16/2017 12:12,2/9/2018 5:37,11/11/2018 4:46
Cryptomarkets,995,1193910,41985,5/19/2017 23:34,2/12/2018 22:43,11/11/2018 11:12
Cryptotrade,663,26322,1649,12/11/2013 8:00,12/19/2017 6:16,11/8/2018 8:54
Ethanalysis,543,427081,10956,4/7/2017 19:15,8/27/2017 20:28,11/8/2018 11:03
Ethdapps,436,28136,579,8/10/2015 20:49,3/6/2018 15:22,11/7/2018 6:40
Ethdev,1000,290510,8885,3/26/2016 17:37,3/25/2018 17:33,11/11/2018 19:05
Ethereum,994,3277399,87513,12/8/2015 15:45,12/21/2017 19:19,11/9/2018 15:52
Ethermining,1000,1504617,45094,3/1/2016 11:57,12/13/2017 20:46,11/9/2018 19:40
Ethinvestor,1000,34697,629,2/17/2016 11:15,7/12/2018 22:18,11/10/2018 11:44
Ethereumcommunity,47,1823,36,12/18/2017 16:48,12/27/2017 17:18,9/21/2018 16:01
Ethereumnoobies,998,271528,5202,3/30/2017 12:36,12/22/2017 14:51,11/9/2018 12:00
Ethinsider,1000,1944229,34751,2/21/2017 6:43,2/13/2018 15:20,11/11/2018 11:47
Ethtrader,990,14842866,675044,3/13/2017 7:07,11/27/2017 20:43,11/8/2018 0:02
Ethtraderpro,692,494775,12232,5/25/2017 16:13,12/15/2017 14:55,11/12/2018 8:15
Gpumining,1000,1343432,42709,5/10/2017 7:17,2/26/2018 20:08,11/9/2018 21:36
